{
    "transactions": {
        "income": [
            {
                "date": "2025-03-01",
                "amount": 7500000.0,
                "category": "Lương",
                "description": "Lương tháng 3"
            },
            {
                "date": "2025-03-15",
                "amount": 1500000.0,
                "category": "Thưởng",
                "description": "Thưởng dự án"
            },
            {
                "date": "2025-03-20",
                "amount": 1200000.0,
                "category": "Đầu tư",
                "description": "Lãi cổ phiếu"
            },
            {
                "date": "2025-03-25",
                "amount": 400000.0,
                "category": "Khác",
                "description": "Tiền thưởng từ khảo sát"
            },
            {
                "date": "2025-04-01",
                "amount": 8000000.0,
                "category": "Lương",
                "description": "Lương tháng 4"
            },
            {
                "date": "2025-04-15",
                "amount": 1800000.0,
                "category": "Thưởng",
                "description": "Thưởng doanh số"
            }
        ],
        "expenses": [
            {
                "date": "2025-03-02",
                "amount": 150000.0,
                "category": "Ăn uống",
                "description": "Ăn trưa văn phòng"
            },
            {
                "date": "2025-03-03",
                "amount": 200000.0,
                "category": "Di chuyển",
                "description": "Tiền xăng xe"
            },
            {
                "date": "2025-03-04",
                "amount": 300000.0,
                "category": "Mua sắm",
                "description": "Mua quần áo"
            },
            {
                "date": "2025-03-05",
                "amount": 250000.0,
                "category": "Giải trí",
                "description": "Xem phim"
            },
            {
                "date": "2025-03-06",
                "amount": 180000.0,
                "category": "Ăn uống",
                "description": "Ăn tối nhà hàng"
            },
            {
                "date": "2025-03-07",
                "amount": 150000.0,
                "category": "Di chuyển",
                "description": "Grab đi làm"
            },
            {
                "date": "2025-03-08",
                "amount": 400000.0,
                "category": "Mua sắm",
                "description": "Mua đồ điện tử"
            },
            {
                "date": "2025-03-09",
                "amount": 200000.0,
                "category": "Giải trí",
                "description": "Cà phê với bạn"
            },
            {
                "date": "2025-03-10",
                "amount": 120000.0,
                "category": "Ăn uống",
                "description": "Ăn sáng"
            },
            {
                "date": "2025-03-11",
                "amount": 180000.0,
                "category": "Di chuyển",
                "description": "Taxi đi họp"
            },
            {
                "date": "2025-03-12",
                "amount": 350000.0,
                "category": "Mua sắm",
                "description": "Mua đồ gia dụng"
            },
            {
                "date": "2025-03-13",
                "amount": 280000.0,
                "category": "Giải trí",
                "description": "Karaoke"
            },
            {
                "date": "2025-03-14",
                "amount": 160000.0,
                "category": "Ăn uống",
                "description": "Ăn trưa"
            },
            {
                "date": "2025-03-15",
                "amount": 220000.0,
                "category": "Di chuyển",
                "description": "Xăng xe"
            },
            {
                "date": "2025-03-16",
                "amount": 450000.0,
                "category": "Mua sắm",
                "description": "Mua quà sinh nhật"
            }
        ]
    },
    "categories": {
        "income": [
            "Lương",
            "Thưởng",
            "Đầu tư",
            "Kinh doanh",
            "Cho thuê",
            "Lãi tiết kiệm",
            "Khác"
        ],
        "expense": [
            "Ăn uống",
            "Di chuyển",
            "Mua sắm",
            "Giải trí",
            "Nhà cửa",
            "Y tế",
            "Giáo dục",
            "Điện nước",
            "Internet",
            "Điện thoại",
            "Bảo hiểm",
            "Khác"
        ]
    },
    "settings": {
        "currency": "VND",
        "language": "vi",
        "theme": "light",
        "auto_backup": true,
        "backup_interval": 24,
        "last_backup": "20250615_145855",
        "notify_expense": true,
        "notify_budget": true,
        "budget_limit": 20000000.0,
        "categories": {
            "income": [
                "Lương",
                "Thưởng",
                "Đầu tư",
                "Kinh doanh",
                "Cho thuê",
                "Lãi tiết kiệm",
                "Khác"
            ],
            "expense": [
                "Ăn uống",
                "Di chuyển",
                "Mua sắm",
                "Giải trí",
                "Nhà cửa",
                "Y tế",
                "Giáo dục",
                "Điện nước",
                "Internet",
                "Điện thoại",
                "Bảo hiểm",
                "Khác"
            ]
        },
        "default_income_categories": [
            "Lương",
            "Thưởng",
            "Đầu tư",
            "Kinh doanh",
            "Cho thuê",
            "Lãi tiết kiệm",
            "Khác"
        ],
        "default_expense_categories": [
            "Ăn uống",
            "Di chuyển",
            "Mua sắm",
            "Giải trí",
            "Nhà cửa",
            "Y tế",
            "Giáo dục",
            "Điện nước",
            "Internet",
            "Điện thoại",
            "Bảo hiểm",
            "Khác"
        ]
    },
    "goals": [
        {
            "title": "Mua xe máy mới",
            "amount": 50000000,
            "saved": 15000000,
            "deadline": "31/12/2025",
            "completed": false,
            "description": "Mua xe máy mới để đi làm"
        },
        {
            "title": "Du lịch Đà Nẵng",
            "amount": 15000000,
            "saved": 5000000,
            "deadline": "30/06/2025",
            "completed": false,
            "description": "Du lịch Đà Nẵng 5 ngày 4 đêm"
        },
        {
            "title": "Mua laptop mới",
            "amount": 25000000,
            "saved": 8000000,
            "deadline": "31/08/2025",
            "completed": false,
            "description": "Mua laptop cho công việc"
        },
        {
            "title": "Học phí khóa học lập trình",
            "amount": 8000000,
            "saved": 3000000,
            "deadline": "15/05/2025",
            "completed": true,
            "description": "Học phí khóa học Python"
        },
        {
            "title": "Mua điện thoại mới",
            "amount": 12000000,
            "saved": 4000000,
            "deadline": "30/09/2025",
            "completed": false,
            "description": "Mua điện thoại mới"
        }
    ],
    "reminders": [
        {
            "id": 1,
            "title": "Chào mừng bạn đến với ứng dụng!",
            "content": "Hãy thêm nhắc nhở đầu tiên của bạn.",
            "date": "2025-06-09",
            "time": "17:37",
            "datetime": "2025-06-09 17:37",
            "notified": true
        },
        {
            "id": 2,
            "title": "Nhắc nhở thanh toán hóa đơn",
            "content": "Đừng quên thanh toán hóa đơn điện nước tháng này",
            "date": "2025-06-11",
            "time": "09:00",
            "datetime": "2025-06-11 09:00",
            "notified": true
        },
        {
            "id": 3,
            "title": "Nhắc nhở sinh nhật",
            "content": "Sinh nhật của bạn sắp đến, hãy chuẩn bị kế hoạch!",
            "date": "2025-06-14",
            "time": "08:00",
            "datetime": "2025-06-14 08:00",
            "notified": true
        },
        {
            "id": 4,
            "title": "Nhắc nhở tiết kiệm",
            "content": "Đã đến kỳ gửi tiết kiệm định kỳ",
            "date": "2025-06-16",
            "time": "10:00",
            "datetime": "2025-06-16 10:00",
            "notified": false
        }
    ]
}