{
    "transactions": {
        "income": [
            {
                "date": "2025-03-01",
                "amount": 7500000.0,
                "category": "Lương",
                "description": "Lương tháng 3"
            },
            {
                "date": "2025-03-15",
                "amount": 1500000.0,
                "category": "Thưởng",
                "description": "Thưởng dự án"
            },
            {
                "date": "2025-03-20",
                "amount": 1200000.0,
                "category": "Đầu tư",
                "description": "Lãi cổ phiếu"
            }
        ],
        "expenses": [
            {
                "date": "2025-03-02",
                "amount": 150000.0,
                "category": "Ăn uống",
                "description": "Ăn trưa văn phòng"
            },
            {
                "date": "2025-03-03",
                "amount": 200000.0,
                "category": "Di chuyển",
                "description": "Tiền xăng xe"
            },
            {
                "date": "2025-03-04",
                "amount": 300000.0,
                "category": "Mua sắm",
                "description": "Mua quần áo"
            }
        ]
    },
    "categories": {
        "income": [
            "Lương",
            "Thưởng",
            "Đầu tư",
            "Khác"
        ],
        "expense": [
            "Ăn uống",
            "Di chuyển",
            "Mua sắm",
            "Giải trí",
            "Khác"
        ]
    },
    "settings": {
        "currency": "VND",
        "language": "vi",
        "theme": "light",
        "auto_backup": true,
        "backup_interval": 24,
        "last_backup": null,
        "notify_expense": true,
        "notify_budget": true,
        "budget_limit": 20000000.0
    },
    "goals": [
        {
            "title": "Mua xe máy mới",
            "amount": 50000000,
            "saved": 15000000,
            "deadline": "31/12/2025",
            "completed": false
        },
        {
            "title": "Du lịch Đà Nẵng",
            "amount": 15000000,
            "saved": 5000000,
            "deadline": "30/06/2025",
            "completed": false
        }
    ],
    "reminders": [
        {
            "id": 1,
            "title": "Chào mừng bạn đến với ứng dụng!",
            "content": "Hãy thêm nhắc nhở đầu tiên của bạn.",
            "date": "2025-06-09",
            "time": "17:31",
            "datetime": "2025-06-09 17:31",
            "notified": false
        }
    ]
}